fold_id,is_start,is_end,oos_start,oos_end,oos_sharpe,oos_sortino,oos_max_dd,oos_cagr,oos_calmar,avg_turnover,cost_drag_bps,avg_exposure,masked_pct
1,2019-01-02,2019-06-28,2019-07-01,2019-12-31,1.468,1.9128,-0.03153,0.1538,4.8782,0.01172,44.3,0.5371,100.0
2,2019-01-02,2019-12-31,2020-01-02,2020-06-30,-1.128,-1.1225,-0.09824,-0.0606,-0.6171,0.06002,226.86,0.5229,100.0
3,2019-01-02,2020-06-30,2020-07-01,2020-12-31,0.0611,0.0663,-0.05673,0.0514,0.9055,0.11717,442.92,0.328,100.0
4,2019-01-02,2020-12-31,2021-01-04,2021-06-30,0.7689,1.1169,-0.02646,0.0856,3.2364,0.01213,45.84,0.8375,100.0
5,2019-01-02,2021-06-30,2021-07-01,2021-12-31,0.5355,0.8959,-0.03282,0.0783,2.3844,0.01172,44.3,0.3712,100.0
6,2019-01-02,2021-12-31,2022-01-03,2022-06-30,-2.7615,-4.0577,-0.08099,-0.1352,-1.6693,0.04842,183.01,0.1588,100.0
7,2019-01-02,2022-06-30,2022-07-01,2022-12-30,-1.1017,-1.6457,-0.06993,-0.0249,-0.356,0.07006,264.81,0.7909,100.0
8,2019-01-02,2022-12-30,2023-01-03,2023-06-30,-0.8201,-1.3505,-0.04513,-0.0071,-0.1569,0.01213,45.86,0.7785,100.0
9,2019-01-02,2023-06-30,2023-07-03,2023-12-29,0.7785,1.698,-0.04437,0.1026,2.3123,0.01549,58.55,0.2701,100.0
