fold_id,is_start,is_end,oos_start,oos_end,is_sharpe,oos_sharpe,oos_cagr,oos_max_dd
1,2019-01-02,2020-01-02,2020-01-03,2020-07-02,0.3423,0.6449,0.2988,-0.1177
2,2019-01-02,2020-07-02,2020-07-03,2021-01-02,0.439,1.5813,0.5729,-0.0772
3,2019-01-02,2021-01-02,2021-01-03,2021-07-02,0.817,0.3335,0.1579,-0.0705
4,2019-01-02,2021-07-02,2021-07-03,2022-01-02,0.7335,0.0707,0.0115,-0.0844
5,2019-01-02,2022-01-02,2022-01-03,2022-07-02,0.6201,0.116,0.096,-0.1085
6,2019-01-02,2022-07-02,2022-07-03,2023-01-02,0.5006,-0.0952,-0.1366,-0.0963
7,2019-01-02,2023-01-02,2023-01-03,2023-07-02,0.4529,0.3766,0.0331,-0.0738
8,2019-01-02,2023-07-02,2023-07-03,2024-01-02,0.4397,-0.2503,0.0229,-0.1001
9,2019-01-02,2024-01-02,2024-01-03,2024-07-02,0.3828,1.3926,0.2317,-0.0595
